date,line,type,ridership
2021-01-01,Kelana Jaya LRT,Rail,1980365
2021-01-01,Ampang LRT,Rail,1824666
2021-01-01,KL Monorail,Rail,352306
2021-01-01,Kajang MRT,Rail,1510475
2021-01-01,KL Bus,Bus,3480433
2021-01-01,Penang Bus,Bus,712446
2021-01-01,Kuantan Bus,Bus,47254
2021-02-01,Kelana Jaya LRT,Rail,1824987
2021-02-01,Ampang LRT,Rail,1698744
2021-02-01,KL Monorail,Rail,312303
2021-02-01,Kajang MRT,Rail,1423721
2021-02-01,KL Bus,Bus,3146247
2021-02-01,Penang Bus,Bus,590784
2021-02-01,Kuantan Bus,Bus,41584
2021-03-01,Kelana Jaya LRT,Rail,3033861
2021-03-01,Ampang LRT,Rail,2601245
2021-03-01,KL Monorail,Rail,502882
2021-03-01,Kajang MRT,Rail,2435248
2021-03-01,KL Bus,Bus,4270849
2021-03-01,Penang Bus,Bus,822971
2021-03-01,Kuantan Bus,Bus,63370
2021-04-01,Kelana Jaya LRT,Rail,3266042
2021-04-01,Ampang LRT,Rail,2705960
2021-04-01,KL Monorail,Rail,523031
2021-04-01,Kajang MRT,Rail,2609911
2021-04-01,KL Bus,Bus,4425536
2021-04-01,Penang Bus,Bus,866399
2021-04-01,Kuantan Bus,Bus,76709
2021-05-01,Kelana Jaya LRT,Rail,1904752
2021-05-01,Ampang LRT,Rail,1799251
2021-05-01,KL Monorail,Rail,320320
2021-05-01,Kajang MRT,Rail,1524387
2021-05-01,KL Bus,Bus,3085264
2021-05-01,Penang Bus,Bus,659810
2021-05-01,Kuantan Bus,Bus,41512
2021-06-01,Kelana Jaya LRT,Rail,833847
2021-06-01,Ampang LRT,Rail,731375
2021-06-01,KL Monorail,Rail,125639
2021-06-01,Kajang MRT,Rail,580487
2021-06-01,KL Bus,Bus,1500397
2021-06-01,Penang Bus,Bus,326434
2021-06-01,Kuantan Bus,Bus,16220
2021-07-01,Kelana Jaya LRT,Rail,897012
2021-07-01,Ampang LRT,Rail,824844
2021-07-01,KL Monorail,Rail,137369
2021-07-01,Kajang MRT,Rail,614041
2021-07-01,KL Bus,Bus,1509935
2021-07-01,Penang Bus,Bus,435202
2021-07-01,Kuantan Bus,Bus,16460
2021-08-01,Kelana Jaya LRT,Rail,1093605
2021-08-01,Ampang LRT,Rail,1061950
2021-08-01,KL Monorail,Rail,179144
2021-08-01,Kajang MRT,Rail,758049
2021-08-01,KL Bus,Bus,1923302
2021-08-01,Penang Bus,Bus,472758
2021-08-01,Kuantan Bus,Bus,22681
2021-09-01,Kelana Jaya LRT,Rail,1634423
2021-09-01,Ampang LRT,Rail,1557367
2021-09-01,KL Monorail,Rail,274935
2021-09-01,Kajang MRT,Rail,1294304
2021-09-01,KL Bus,Bus,2762507
2021-09-01,Penang Bus,Bus,512799
2021-09-01,Kuantan Bus,Bus,32682
2021-10-01,Kelana Jaya LRT,Rail,2355921
2021-10-01,Ampang LRT,Rail,2034527
2021-10-01,KL Monorail,Rail,407268
2021-10-01,Kajang MRT,Rail,1870652
2021-10-01,KL Bus,Bus,3376253
2021-10-01,Penang Bus,Bus,659440
2021-10-01,Kuantan Bus,Bus,45256
2021-11-01,Kelana Jaya LRT,Rail,2962250
2021-11-01,Ampang LRT,Rail,2392406
2021-11-01,KL Monorail,Rail,501210
2021-11-01,Kajang MRT,Rail,2278009
2021-11-01,KL Bus,Bus,3016673
2021-11-01,Penang Bus,Bus,719972
2021-11-01,Kuantan Bus,Bus,58617
2021-12-01,Kelana Jaya LRT,Rail,3336549
2021-12-01,Ampang LRT,Rail,2706638
2021-12-01,KL Monorail,Rail,589922
2021-12-01,Kajang MRT,Rail,2673726
2021-12-01,KL Bus,Bus,3185245
2021-12-01,Penang Bus,Bus,785842
2021-12-01,Kuantan Bus,Bus,52785
2022-01-01,Kelana Jaya LRT,Rail,3470403
2022-01-01,Ampang LRT,Rail,2828567
2022-01-01,KL Monorail,Rail,576678
2022-01-01,Kajang MRT,Rail,2737126
2022-01-01,KL Bus,Bus,3380633
2022-01-01,Penang Bus,Bus,833600
2022-01-01,Kuantan Bus,Bus,62940
2022-02-01,Kelana Jaya LRT,Rail,2642564
2022-02-01,Ampang LRT,Rail,2171266
2022-02-01,KL Monorail,Rail,463079
2022-02-01,Kajang MRT,Rail,2000682
2022-02-01,KL Bus,Bus,2789683
2022-02-01,Penang Bus,Bus,708432
2022-02-01,Kuantan Bus,Bus,49309
2022-03-01,Kelana Jaya LRT,Rail,3328621
2022-03-01,Ampang LRT,Rail,2693615
2022-03-01,KL Monorail,Rail,563548
2022-03-01,Kajang MRT,Rail,2497966
2022-03-01,KL Bus,Bus,3206086
2022-03-01,Penang Bus,Bus,759594
2022-03-01,Kuantan Bus,Bus,53072
2022-04-01,Kelana Jaya LRT,Rail,3819735
2022-04-01,Ampang LRT,Rail,3228674
2022-04-01,KL Monorail,Rail,659124
2022-04-01,Kajang MRT,Rail,2853546
2022-04-01,KL Bus,Bus,3442729
2022-04-01,Penang Bus,Bus,847552
2022-04-01,Kuantan Bus,Bus,64536
2022-05-01,Kelana Jaya LRT,Rail,4335519
2022-05-01,Ampang LRT,Rail,3339042
2022-05-01,KL Monorail,Rail,783838
2022-05-01,Kajang MRT,Rail,3375471
2022-05-01,KL Bus,Bus,3727727
2022-05-01,Penang Bus,Bus,964905
2022-05-01,Kuantan Bus,Bus,73352
2022-06-01,Kelana Jaya LRT,Rail,5426364
2022-06-01,Ampang LRT,Rail,4344595
2022-06-01,KL Monorail,Rail,991170
2022-06-01,Kajang MRT,Rail,4441552
2022-06-01,Putrajaya MRT,Rail,369564
2022-06-01,KL Bus,Bus,4110011
2022-06-01,Penang Bus,Bus,973389
2022-06-01,Kuantan Bus,Bus,75150
2022-07-01,Kelana Jaya LRT,Rail,5360964
2022-07-01,Ampang LRT,Rail,4266733
2022-07-01,KL Monorail,Rail,1059131
2022-07-01,Kajang MRT,Rail,4666497
2022-07-01,Putrajaya MRT,Rail,688844
2022-07-01,KL Bus,Bus,4299959
2022-07-01,Penang Bus,Bus,1024520
2022-07-01,Kuantan Bus,Bus,75807
2022-08-01,Kelana Jaya LRT,Rail,5491587
2022-08-01,Ampang LRT,Rail,4293066
2022-08-01,KL Monorail,Rail,1027788
2022-08-01,Kajang MRT,Rail,4513422
2022-08-01,Putrajaya MRT,Rail,579156
2022-08-01,KL Bus,Bus,4632950
2022-08-01,Penang Bus,Bus,1054655
2022-08-01,Kuantan Bus,Bus,78115
2022-09-01,Kelana Jaya LRT,Rail,5456094
2022-09-01,Ampang LRT,Rail,4286962
2022-09-01,KL Monorail,Rail,1038355
2022-09-01,Kajang MRT,Rail,4508174
2022-09-01,Putrajaya MRT,Rail,605209
2022-09-01,KL Bus,Bus,4223611
2022-09-01,Penang Bus,Bus,1031191
2022-09-01,Kuantan Bus,Bus,73403
2022-10-01,Kelana Jaya LRT,Rail,5470987
2022-10-01,Ampang LRT,Rail,4259135
2022-10-01,KL Monorail,Rail,1104800
2022-10-01,Kajang MRT,Rail,4542720
2022-10-01,Putrajaya MRT,Rail,629934
2022-10-01,KL Bus,Bus,4322220
2022-10-01,Penang Bus,Bus,1087560
2022-10-01,Kuantan Bus,Bus,73735
2022-11-01,Kelana Jaya LRT,Rail,4391529
2022-11-01,Ampang LRT,Rail,3963991
2022-11-01,KL Monorail,Rail,1079915
2022-11-01,Kajang MRT,Rail,4336909
2022-11-01,Putrajaya MRT,Rail,610845
2022-11-01,KL Bus,Bus,4346789
2022-11-01,Penang Bus,Bus,1054801
2022-11-01,Kuantan Bus,Bus,69408
2022-12-01,Kelana Jaya LRT,Rail,5821398
2022-12-01,Ampang LRT,Rail,4475686
2022-12-01,KL Monorail,Rail,1320643
2022-12-01,Kajang MRT,Rail,4874144
2022-12-01,Putrajaya MRT,Rail,664025
2022-12-01,KL Bus,Bus,4266379
2022-12-01,Penang Bus,Bus,1123997
2022-12-01,Kuantan Bus,Bus,57844
2023-01-01,Kelana Jaya LRT,Rail,5465184
2023-01-01,Ampang LRT,Rail,4319239
2023-01-01,KL Monorail,Rail,1207697
2023-01-01,Kajang MRT,Rail,4557793
2023-01-01,Putrajaya MRT,Rail,640429
2023-01-01,KL Bus,Bus,4323631
2023-01-01,Penang Bus,Bus,1201332
2023-01-01,Kuantan Bus,Bus,66714
2023-02-01,Kelana Jaya LRT,Rail,5350230
2023-02-01,Ampang LRT,Rail,3616881
2023-02-01,KL Monorail,Rail,1311483
2023-02-01,Kajang MRT,Rail,4392381
2023-02-01,Putrajaya MRT,Rail,541466
2023-02-01,KL Bus,Bus,4430186
2023-02-01,Penang Bus,Bus,1065326
2023-02-01,Kuantan Bus,Bus,55881
2023-03-01,Kelana Jaya LRT,Rail,6489551
2023-03-01,Ampang LRT,Rail,4308679
2023-03-01,KL Monorail,Rail,1580507
2023-03-01,Kajang MRT,Rail,5525715
2023-03-01,Putrajaya MRT,Rail,2036718
2023-03-01,KL Bus,Bus,5749579
2023-03-01,Penang Bus,Bus,1164410
2023-03-01,Kuantan Bus,Bus,66538
2023-04-01,Kelana Jaya LRT,Rail,5399898
2023-04-01,Ampang LRT,Rail,3338686
2023-04-01,KL Monorail,Rail,1377627
2023-04-01,Kajang MRT,Rail,4908411
2023-04-01,Putrajaya MRT,Rail,2137546
2023-04-01,KL Bus,Bus,5025792
2023-04-01,Penang Bus,Bus,1130301
2023-04-01,Kuantan Bus,Bus,58294
2023-05-01,Kelana Jaya LRT,Rail,6067411
2023-05-01,Ampang LRT,Rail,4094851
2023-05-01,KL Monorail,Rail,1439986
2023-05-01,Kajang MRT,Rail,5444245
2023-05-01,Putrajaya MRT,Rail,2543049
2023-05-01,KL Bus,Bus,5448988
2023-05-01,Penang Bus,Bus,1156742
2023-05-01,Kuantan Bus,Bus,58822
2023-06-01,Kelana Jaya LRT,Rail,5940788
2023-06-01,Ampang LRT,Rail,4143689
2023-06-01,KL Monorail,Rail,1453674
2023-06-01,Kajang MRT,Rail,5405343
2023-06-01,Putrajaya MRT,Rail,2542969
2023-06-01,KL Bus,Bus,5161823
2023-06-01,Penang Bus,Bus,1150906
2023-06-01,Kuantan Bus,Bus,69127
2023-07-01,Kelana Jaya LRT,Rail,6229737
2023-07-01,Ampang LRT,Rail,4237733
2023-07-01,KL Monorail,Rail,1507056
2023-07-01,Kajang MRT,Rail,5626647
2023-07-01,Putrajaya MRT,Rail,2781645
2023-07-01,KL Bus,Bus,5399574
2023-07-01,Penang Bus,Bus,1193731
2023-07-01,Kuantan Bus,Bus,75666
2023-08-01,Kelana Jaya LRT,Rail,6583736
2023-08-01,Ampang LRT,Rail,4482065
2023-08-01,KL Monorail,Rail,1601305
2023-08-01,Kajang MRT,Rail,5906244
2023-08-01,Putrajaya MRT,Rail,3099685
2023-08-01,KL Bus,Bus,5669349
2023-08-01,Penang Bus,Bus,1231974
2023-08-01,Kuantan Bus,Bus,71476
2023-09-01,Kelana Jaya LRT,Rail,6302197
2023-09-01,Ampang LRT,Rail,4282036
2023-09-01,KL Monorail,Rail,1519717
2023-09-01,Kajang MRT,Rail,5714336
2023-09-01,Putrajaya MRT,Rail,2987450
2023-09-01,KL Bus,Bus,5511967
2023-09-01,Penang Bus,Bus,1177351
2023-09-01,Kuantan Bus,Bus,72147
2023-10-01,Kelana Jaya LRT,Rail,6824938
2023-10-01,Ampang LRT,Rail,4633424
2023-10-01,KL Monorail,Rail,1622435
2023-10-01,Kajang MRT,Rail,6137159
2023-10-01,Putrajaya MRT,Rail,3299662
2023-10-01,KL Bus,Bus,6061147
2023-10-01,Penang Bus,Bus,1263434
2023-10-01,Kuantan Bus,Bus,74151
2023-11-01,Kelana Jaya LRT,Rail,6630252
2023-11-01,Ampang LRT,Rail,4572190
2023-11-01,KL Monorail,Rail,1683327
2023-11-01,Kajang MRT,Rail,6133584
2023-11-01,Putrajaya MRT,Rail,3320682
2023-11-01,KL Bus,Bus,5995334
2023-11-01,Penang Bus,Bus,1255180
2023-11-01,Kuantan Bus,Bus,84331
2023-12-01,Kelana Jaya LRT,Rail,6479670
2023-12-01,Ampang LRT,Rail,4561106
2023-12-01,KL Monorail,Rail,1802759
2023-12-01,Kajang MRT,Rail,6749650
2023-12-01,Putrajaya MRT,Rail,3624550
2023-12-01,KL Bus,Bus,5804593
2023-12-01,Penang Bus,Bus,1305892
2023-12-01,Kuantan Bus,Bus,72043
2024-01-01,Kelana Jaya LRT,Rail,6591331
2024-01-01,Ampang LRT,Rail,4505943
2024-01-01,KL Monorail,Rail,1680097
2024-01-01,Kajang MRT,Rail,6506378
2024-01-01,Putrajaya MRT,Rail,3651371
2024-01-01,KL Bus,Bus,6084147
2024-01-01,Penang Bus,Bus,1305557
2024-01-01,Kuantan Bus,Bus,81008
2024-02-01,Kelana Jaya LRT,Rail,6236607
2024-02-01,Ampang LRT,Rail,4430513
2024-02-01,KL Monorail,Rail,1602411
2024-02-01,Kajang MRT,Rail,6167840
2024-02-01,Putrajaya MRT,Rail,3364322
2024-02-01,KL Bus,Bus,5558775
2024-02-01,Penang Bus,Bus,1292809
2024-02-01,Kuantan Bus,Bus,76089
2024-03-01,Kelana Jaya LRT,Rail,6937237
2024-03-01,Ampang LRT,Rail,5196908
2024-03-01,KL Monorail,Rail,1607756
2024-03-01,Kajang MRT,Rail,6650215
2024-03-01,Putrajaya MRT,Rail,3746093
2024-03-01,KL Bus,Bus,6104762
2024-03-01,Penang Bus,Bus,1302072
2024-03-01,Kuantan Bus,Bus,82407
2024-04-01,Kelana Jaya LRT,Rail,6445256
2024-04-01,Ampang LRT,Rail,4894934
2024-04-01,KL Monorail,Rail,1557086
2024-04-01,Kajang MRT,Rail,6262373
2024-04-01,Putrajaya MRT,Rail,3575514
2024-04-01,KL Bus,Bus,5709475
2024-04-01,Penang Bus,Bus,1283820
2024-04-01,Kuantan Bus,Bus,85920
2024-05-01,Kelana Jaya LRT,Rail,7206997
2024-05-01,Ampang LRT,Rail,5607473
2024-05-01,KL Monorail,Rail,1605161
2024-05-01,Kajang MRT,Rail,7112851
2024-05-01,Putrajaya MRT,Rail,4045346
2024-05-01,KL Bus,Bus,6282229
2024-05-01,Penang Bus,Bus,1350321
2024-05-01,Kuantan Bus,Bus,88794
2024-06-01,Kelana Jaya LRT,Rail,6555829
2024-06-01,Ampang LRT,Rail,5196642
2024-06-01,KL Monorail,Rail,1610528
2024-06-01,Kajang MRT,Rail,6723816
2024-06-01,Putrajaya MRT,Rail,3729030
2024-06-01,KL Bus,Bus,5785825
2024-06-01,Penang Bus,Bus,1353180
2024-06-01,Kuantan Bus,Bus,84328
2024-07-01,Kelana Jaya LRT,Rail,7559800
2024-07-01,Ampang LRT,Rail,5626609
2024-07-01,KL Monorail,Rail,1681693
2024-07-01,Kajang MRT,Rail,7471333
2024-07-01,Putrajaya MRT,Rail,4277136
2024-07-01,KL Bus,Bus,6563009
2024-07-01,Penang Bus,Bus,1431116
2024-07-01,Kuantan Bus,Bus,85063
2024-08-01,Kelana Jaya LRT,Rail,7596795
2024-08-01,Ampang LRT,Rail,5781159
2024-08-01,KL Monorail,Rail,1752025
2024-08-01,Kajang MRT,Rail,7515992
2024-08-01,Putrajaya MRT,Rail,4390005
2024-08-01,KL Bus,Bus,6662416
2024-08-01,Penang Bus,Bus,1418782
2024-08-01,Kuantan Bus,Bus,91994
2024-09-01,Kelana Jaya LRT,Rail,6900403
2024-09-01,Ampang LRT,Rail,5365130
2024-09-01,KL Monorail,Rail,1579005
2024-09-01,Kajang MRT,Rail,7035573
2024-09-01,Putrajaya MRT,Rail,4046549
2024-09-01,KL Bus,Bus,6391714
2024-09-01,Penang Bus,Bus,1311581
2024-09-01,Kuantan Bus,Bus,82395
2024-10-01,Kelana Jaya LRT,Rail,7724881
2024-10-01,Ampang LRT,Rail,5918334
2024-10-01,KL Monorail,Rail,1735628
2024-10-01,Kajang MRT,Rail,7720239
2024-10-01,Putrajaya MRT,Rail,4468723
2024-10-01,KL Bus,Bus,6825476
2024-10-01,Penang Bus,Bus,1396412
2024-10-01,Kuantan Bus,Bus,77464
2024-11-01,Kelana Jaya LRT,Rail,7437276
2024-11-01,Ampang LRT,Rail,5718327
2024-11-01,KL Monorail,Rail,1719825
2024-11-01,Kajang MRT,Rail,7499351
2024-11-01,Putrajaya MRT,Rail,4360372
2024-11-01,KL Bus,Bus,6680696
2024-11-01,Penang Bus,Bus,1355805
2024-11-01,Kuantan Bus,Bus,64348
2024-12-01,Kelana Jaya LRT,Rail,7540885
2024-12-01,Ampang LRT,Rail,5780943
2024-12-01,KL Monorail,Rail,1901177
2024-12-01,Kajang MRT,Rail,7855033
2024-12-01,Putrajaya MRT,Rail,4471649
2024-12-01,KL Bus,Bus,6420026
2024-12-01,Penang Bus,Bus,1468776
2024-12-01,Kuantan Bus,Bus,75867
2025-01-01,Kelana Jaya LRT,Rail,7199444
2025-01-01,Ampang LRT,Rail,5583947
2025-01-01,KL Monorail,Rail,1812766
2025-01-01,Kajang MRT,Rail,7474956
2025-01-01,Putrajaya MRT,Rail,4324708
2025-01-01,KL Bus,Bus,6300772
2025-01-01,Penang Bus,Bus,1500325
2025-01-01,Kuantan Bus,Bus,70019
2025-02-01,Kelana Jaya LRT,Rail,6969645
2025-02-01,Ampang LRT,Rail,5412652
2025-02-01,KL Monorail,Rail,1630089
2025-02-01,Kajang MRT,Rail,7039197
2025-02-01,Putrajaya MRT,Rail,4147600
2025-02-01,KL Bus,Bus,6116351
2025-02-01,Penang Bus,Bus,1302770
2025-02-01,Kuantan Bus,Bus,69469
2025-03-01,Kelana Jaya LRT,Rail,7174483
2025-03-01,Ampang LRT,Rail,5755933
2025-03-01,KL Monorail,Rail,1632663
2025-03-01,Kajang MRT,Rail,7142305
2025-03-01,Putrajaya MRT,Rail,4305723
2025-03-01,KL Bus,Bus,6473286
2025-03-01,Penang Bus,Bus,1372950
2025-03-01,Kuantan Bus,Bus,76427
2025-04-01,Kelana Jaya LRT,Rail,7285351
2025-04-01,Ampang LRT,Rail,5661642
2025-04-01,KL Monorail,Rail,1659426
2025-04-01,Kajang MRT,Rail,7389774
2025-04-01,Putrajaya MRT,Rail,4485310
2025-04-01,KL Bus,Bus,6704021
2025-04-01,Penang Bus,Bus,1383024
2025-04-01,Kuantan Bus,Bus,76647
2025-05-01,Kelana Jaya LRT,Rail,7531075
2025-05-01,Ampang LRT,Rail,6216005
2025-05-01,KL Monorail,Rail,1773505
2025-05-01,Kajang MRT,Rail,7823203
2025-05-01,Putrajaya MRT,Rail,4716456
2025-05-01,KL Bus,Bus,6847315
2025-05-01,Penang Bus,Bus,1444377
2025-05-01,Kuantan Bus,Bus,74003
2025-06-01,Kelana Jaya LRT,Rail,7055985
2025-06-01,Ampang LRT,Rail,5710467
2025-06-01,KL Monorail,Rail,1689666
2025-06-01,Kajang MRT,Rail,7527345
2025-06-01,Putrajaya MRT,Rail,4479168
2025-06-01,KL Bus,Bus,6509133
2025-06-01,Penang Bus,Bus,1422570
2025-06-01,Kuantan Bus,Bus,69230
2025-07-01,Kelana Jaya LRT,Rail,8236230
2025-07-01,Ampang LRT,Rail,6350274
2025-07-01,KL Monorail,Rail,1858680
2025-07-01,Kajang MRT,Rail,8322586
2025-07-01,Putrajaya MRT,Rail,5110482
2025-07-01,KL Bus,Bus,6793122
2025-07-01,Penang Bus,Bus,1553555
2025-07-01,Kuantan Bus,Bus,73397
2025-08-01,Kelana Jaya LRT,Rail,8095935
2025-08-01,Ampang LRT,Rail,6343844
2025-08-01,KL Monorail,Rail,1892143
2025-08-01,Kajang MRT,Rail,8301044
2025-08-01,Putrajaya MRT,Rail,5052583
2025-08-01,KL Bus,Bus,6709801
2025-08-01,Penang Bus,Bus,1554570
2025-08-01,Kuantan Bus,Bus,72755
2025-09-01,Kelana Jaya LRT,Rail,7143358
2025-09-01,Ampang LRT,Rail,5664639
2025-09-01,KL Monorail,Rail,1657494
2025-09-01,Kajang MRT,Rail,7530148
2025-09-01,Putrajaya MRT,Rail,4543928
2025-09-01,KL Bus,Bus,5954738
2025-09-01,Penang Bus,Bus,1410465
2025-09-01,Kuantan Bus,Bus,65261
2025-10-01,Kelana Jaya LRT,Rail,7739381
2025-10-01,Ampang LRT,Rail,6205243
2025-10-01,KL Monorail,Rail,1846749
2025-10-01,Kajang MRT,Rail,8015428
2025-10-01,Putrajaya MRT,Rail,4753510
2025-10-01,KL Bus,Bus,6640671
2025-10-01,Penang Bus,Bus,1505452
2025-10-01,Kuantan Bus,Bus,67012
2025-11-01,Kelana Jaya LRT,Rail,7417502
2025-11-01,Ampang LRT,Rail,5909107
2025-11-01,KL Monorail,Rail,1731604
2025-11-01,Kajang MRT,Rail,7803280
2025-11-01,Putrajaya MRT,Rail,4759332
2025-11-01,KL Bus,Bus,6455930
2025-11-01,Penang Bus,Bus,1429791
2025-11-01,Kuantan Bus,Bus,53582
2025-12-01,Kelana Jaya LRT,Rail,7784113
2025-12-01,Ampang LRT,Rail,6205647
2025-12-01,KL Monorail,Rail,1916425
2025-12-01,Kajang MRT,Rail,8368266
2025-12-01,Putrajaya MRT,Rail,4991264
2025-12-01,KL Bus,Bus,6485099
2025-12-01,Penang Bus,Bus,1522643
2025-12-01,Kuantan Bus,Bus,24237
2026-01-01,Kelana Jaya LRT,Rail,7693134
2026-01-01,Ampang LRT,Rail,6356549
2026-01-01,KL Monorail,Rail,1814236
2026-01-01,Kajang MRT,Rail,8165137
2026-01-01,Putrajaya MRT,Rail,5030622
2026-01-01,KL Bus,Bus,6166858
2026-01-01,Penang Bus,Bus,1490937
2026-01-01,Rapid On-Demand,Bus,571860
2026-02-01,Kelana Jaya LRT,Rail,6455188
2026-02-01,Ampang LRT,Rail,5384630
2026-02-01,KL Monorail,Rail,1582355
2026-02-01,Kajang MRT,Rail,6840419
2026-02-01,Putrajaya MRT,Rail,4132878
2026-02-01,KL Bus,Bus,5282404
2026-02-01,Penang Bus,Bus,1352739
2026-02-01,Rapid On-Demand,Bus,386798
2026-03-01,Kelana Jaya LRT,Rail,7282363
2026-03-01,Ampang LRT,Rail,6072461
2026-03-01,KL Monorail,Rail,1710637
2026-03-01,Kajang MRT,Rail,7672604
2026-03-01,Putrajaya MRT,Rail,4724175
2026-03-01,KL Bus,Bus,5863428
2026-03-01,Penang Bus,Bus,1388058
2026-03-01,Rapid On-Demand,Bus,377867
2026-04-01,Kelana Jaya LRT,Rail,7794066
2026-04-01,Ampang LRT,Rail,6326276
2026-04-01,KL Monorail,Rail,1718981
2026-04-01,Kajang MRT,Rail,8120567
2026-04-01,Putrajaya MRT,Rail,5146938
2026-04-01,KL Bus,Bus,6447882
2026-04-01,Penang Bus,Bus,1358417
2026-04-01,Rapid On-Demand,Bus,417014
